no.,author,date,rating,review
1,Thiago D. L.,Reviewed in Brazil on 27 March 2024,5,"√â um excelente processador! N√£o utilizo ele para tarefas muito pesadas al√©m de jogos, edi√ß√µes de v√≠deos simples e Photoshop, neste quesito n√£o tenho o que reclamar, atende 100% das minhas demandas."
2,Mikael D√§ckfors,Reviewed in Sweden on 27 May 2024,5,G√•r v√§ldigt varm. Rekommenderar bra kylare
3,Tibhor,Reviewed in Spain on 19 May 2024,5,Una bestia parda. Como siempre el precio y lo calentito que se pone
4,Rami alsari,Reviewed in Germany on 29 May 2024,5,Wie erwartet
5,Dave Hammers Tech Garage,Reviewed in Italy on 1 December 2023,5,"üëâ Parto dalle CONCLUSIONI: √® una CPU davvero notevole, posseggo un paio di 12900k su altre build ma questo 13700k per certi aspetti √® pi√π performante. NON sono un giocatore e utilizzo i PC per lavoro. La mia esperienza si rivolge, quindi, a professionisti che lavorano con video, foto, ricostruzioni 3D, editing 3D, fotogrammetrie ecc ecc. Certo, a differenza dei 12900k (su MoBo Asus ProArt Z690-CREATOR WIFI con DeepCool LS720 e Asus ROG STRIX Z690-A GAMING WIFI D4 con ITEK EVOLIQ 240 ARGB entrambi con il frame della Thermalright) che montati senza toccare il Bios non sparano watt assurdi (ma credo dipenda pi√π dal bios che dalla CPU), questo 12700k (su MoBo Asus ProArt b760-CREATOR WIFI con Noctua NH-D15 chromax.black e frame della Thermalright), scalda un po‚Äô di pi√π. Invece, rispetto al 13900k, recensito sempre qui su Amazon, non ho voluto intervenire dal bios anche perch√© dopo i primi minuti negli stress test, per esempio con cinebench 23, durante i quali il bios spinge sempre al limite il processore (oltre 360 Watt), il tutto si calma. Il boost dura pochi istanti e subito dopo il consumo si attesta sui 253 Watt, di conseguenza anche le temperature si abbassano, tanto che quelle medie dei core difficilmente superano i 90 gradi (nel test da 10 min) ‚öñÔ∏è Il processore offre prestazioni davvero ottime, tutti i programmi girano lisci come l‚Äôolio, grazie anche ai 64 gb di memoria. La suite Adobe, da Photoshop a After Effects, da Illustrator a Premiere Pro, Blender, Cinema 4D e Metashape Pro (ovvero i programmi che maggiormente utilizzo) sono supportati da tanta potenza e non hanno tentennamenti. Anche con diversi applicativi aperti il 13700k lavora alla grande. üöÄ Su Cinebench r23 il punteggio √® di 28550 sul singolo render, temperature massime dei core 4, 5 e 7 (i pi√π bollenti) di 100¬∞ mentre nel test throttling di 10 min il punteggio √® stato di 27497 con temperature massime rispettivamente di 100¬∞ per il core 3, 5 e 7c. Una differenza di solo il 3,69 % tra il singolo render e il test throttling. Niente male! Nel test throttling di 10 min, i valori massimi dei singoli core variano tra i 93¬∞ ed i 100¬∞, mentre quelli medi tra 83¬∞-85¬∞, quindi pi√π che accettabili. I consumi massimi sono di 351 Watt mentre quelli medi 260 Watt. In idle le temperature variano tra i 21¬∞ e i 47¬∞. Potete verificare dalle foto üò¨. Passiamo ora alle altre info: üöõ SPEDIZIONE: Perfetta, come tutto il processo di acquisto Amazon. I tempi sono stati rispettati e la confezione era adeguata. üì¶ PACCO E CONTENUTO: La confezione, rispetto al pi√π blasonato 13900, √® quasi scadente.. La CPU si trova all‚Äôinterno di una scatolina di cartone protetto dal classico case in plastica. ü™õ INSTALLAZIONE: Molto semplice. La sola accortezza √® individuare il piccolo triangolo presente sulla CPU, in basso a sx, e posizionarlo in corrispondenza del triangolo visibile sul supporto di fissaggio del socket presente sulla MoBo. Personalmente, per evitare il fenomeno della flessione che pu√≤ verificarsi sul socket LGA 1700, ho utilizzando il frame della Thermalright. üî¥ INFO UTILE: Molti consigliano l‚Äôutilizzo di un AIO almeno da 240, affidabile e potente. Questa volta, per√≤, ho voluto provare dissipatore ad aria top di gamma e devo dire che offre delle prestazione non indifferenti üëç PRO: Performance üëé CONTRO: - üñ•Ô∏è LA BUILD MOBO: Asus ProArt B760-CREATOR WIFI CPU: Intel i7 13700k con Thermalright LGA1700-BCF COOLER: Noctua NH-D15 chromax.black RAM: CORSAIR VENGEANCE DDR5 RAM 64GB (2x32GB) 5600MHz CL40 SSD SISTEMA: Crucial P5 Plus 2TB SSD GPU: NVIDIA RTX A4000 16 GB ALIMENTATORE: Corsair RM850e (2023) CASE: Fractal Design North Charcoal Black Tempered Glass Dark"
6,Marcin Szarmach,Reviewed in the United Kingdom on 14 December 2023,5,"The processor is working flawlessly. I am at the testing stage. So far, it's performing well, and the temperatures are reasonable."
7,OTheMoon,Reviewed in France on 22 December 2023,5,"Le 13700K est un processeur alliant gaming et travail, il est utilis√© pour ma part en jeux mais aussi en MAO (musique assist√© par ordinateur) ou il excelle par ses caract√©ristiques. Il est polyvalent et offre des performances d'application fantastiques, les charges de travail ne seront pas un soucis pour lui et pourra briller dans des hautes r√©solutions. En soit le 13700K est un excellent choix pour des performances solides √† un prix raisonnable Je recommande"
8,Amazon Customer,Reviewed in the United Kingdom on 15 May 2023,5,This processor is fast and powerfull but very power hungry straight out of the box. undervolt profile would be recommended  if you want more performance at less PD. im good for the next 7- 10 years with this bad boy .
9,MatYou,Reviewed in France on 11 December 2023,5,"un bon processeur qui en a sous le pied! consommation et chauffe mesur√©es (avec un bon syst√®me de refroidissement ) √† faible charge , j'attends de le pousser dans ses retranchements avec une CG et du AAA"
10,Ande,Reviewed in Sweden on 10 August 2023,5,Snabb processor.
11,Henrique Maur√≠cio,Reviewed in Spain on 2 May 2024,5,Um bom processador ao n√≠vel de i9 de gera√ß√£o 12
12,Federico M.,Reviewed in Italy on 1 January 2023,5,"CONFEZIONE Come la tradizione Intel insegna, da qualche serie a questa parte, tutti i processori vengono inseriti all‚Äôinterno di una scatolina realizzata in cartone. All‚Äôesterno vengono mostrate le principali informazioni che √® bene conoscere in merito al processore, oltre and alcuni informazioni importanti come i numeri di riferimento. Per avere una scheda dettagliata del prodotto, √® sufficiente andare sul sito del produttore per avere tutti i dettagli. Anche l‚Äôinterno della confezione √® rimasta praticamente la medesima tradizione / filosofia, dove il processore in se √® contenuto all‚Äôinterno di un contenitore di plastica, che a sua volta, √® bloccato dal cartone della confezione, cos√¨ da evitare una eventuale caduta durante la spedizione dell‚Äôarticolo, inoltre, essendo la struttura esterna realizzata in cartone ma la parte in plastica posta solamente al centro, attutisce eventuali urti durante il trasporto. Viene anche fornito il classico manuale con annesso adesivo da applicare al proprio case con questa nuova serie, ovvero 13 esima. DESCRIZIONE DELL‚ÄôARTICOLO Arrivando da una serie 9, pi√π precisamente i7-9700K questa serie i7-13700K non pu√≤ che essere un passo decisamente avanti. Difatti il mio processore precedente presentava 8 core e 8 thread al posto di questo che presenta ben 16 core e 24 thread. Inoltre, si pu√≤ definire un processore suddiviso in quanto ci sono 8 core performance (P-Core) e 8 core efficienti (E-Core). I primi possono raggiungere una velocit√† massima di 5,4 Ghz, mentre i core efficienti 4.2 Ghz. La frequenza base per quanto riguarda i core efficienti √® di 2.5 Ghz. La potenza base del processore √® di 125W ma pu√≤ raggiungere i 253W in turbo. Ovviamente la gestione se utilizzare i core efficienti o di potenza √® data dal sistema operativo e dal carico di lavoro che si va a richiedere. Se il bios ne √® provvisto (come il mio in questo caso) √® infatti possibile disattivare gli E-Core oppure portarli sempre alla loro massima velocit√†. Tuttavia, sconsiglio vivamente di fare anche questo soft-overclock in quanto con questi processori di nuova generazione √® del tutto ‚Äúinutile‚Äù viste le prestazioni mostruose che riescono ad offrire, cos√¨ da evitare di andarne a comprometterne l‚Äôaffidabilit√†. Difatti ho personalmente contestato che su giochi e ambiti molto pesanti, la gestione automatica √® assolutamente perfetta, consentendo temperature di lavoro veramente basse e una resa veramente notevole. Per fare un esempio, su FiveM, utilizzando il V-Sync (e come GPU una 2070S) con FPS bloccati a 75, quest‚Äôultimi non scendono mai sotto questa soglia ma al contrario, tendono ad aumentare leggermente. Con la precedente configurazione si verificavano molteplici cali di frame. Lo stesso ho avuto modo di constatarlo su un gioco competitivo, come pu√≤ essere Fortnite, bloccando gli FPS a 144 e quest‚Äôultimi rimangono stabili su questa soglia senza mai calare e senza appunto, che si verifichi il minimo lag che sarebbe deleterio su un gioco dove la velocit√† √® fondamentale. Il lavoro che √® stato fatto su queste nuove CPU √® semplicemente notevole, sono rimasto veramente sorpreso dalla velocit√† nel fare le operazioni dato che √® veramente molto veloce a fare tutto, ma specialmente sorprende sulle prestazioni che si verificano sul lato gaming. Aggiungo che le mie prove sono eseguite sull‚Äôultima build 22H2 di Windows 11. CONCLUSIONI In conclusione, mi ritengo assolutamente soddisfatto di questo processore. Ci tengo inoltre a sottolineare che tutte le mie prove sono state effettuate con una RAM ‚Äúdatata‚Äù da soli 2667 Mhz. Per questo processore viene infatti consigliata una frequenza di almeno 3200 Mhz per quanto riguarda il DDR4 e ovviamente supporta ampiamente le RAM DDR5 che raggiungono velocit√† ancora superiori rispetto la precedente serie. Tuttavia, nonostante questa ‚Äúproblematica‚Äù, poich√© di problematica non si tratta, le prestazioni che ho avuto modo di constatare anche tramite benchmark sono di tutto rispetto. Ovviamente trattandosi di un nuovo processore appena uscito, bisogner√† attendere un po‚Äô prima che Windows in particolare, venga aggiornato al meglio per sfruttare a pieno la potenza offerta da questo processore. Al contempo stesso, si fa veramente fatica a reperirne una ad un giusto prezzo. Nel mio caso, considerato che il mio precedente processore si √® rotto, ho dovuto trovare subito una sostituzione rapida. Pagato circa 500 euro (poco meno), posso dire che il prezzo √® assolutamente in linea con il rapporto qualit√† del prodotto offerto e ovviamente tenuto in considerazione che si tratta di una serie presentata solamente a fine ottobre 2022 e senz‚Äôaltro un prodotto che sar√† valido per i prossimi anni. Consigliato? Senza il minimo dubbio!"
13,LO.AD.20,Reviewed in Germany on 24 November 2023,5,"Pro: Der Intel¬Æ Core i7-13700K beeindruckt mit einer beeindruckenden Anzahl von 16 Kernen, einschlie√ülich 8 leistungsstarker P-Kerne und 8 effizienter E-Kerne. Mit gro√üz√ºgigen 30 MB Cache bietet dieser Prozessor eine optimale Datenverarbeitung und beschleunigt komplexe Aufgaben. Die herausragende Taktfrequenz von bis zu 5,4 GHz sorgt f√ºr eine reibungslose Leistung, selbst bei anspruchsvollen Anwendungen und Spielen. Dank der fortschrittlichen Architektur ist er bereit f√ºr die Herausforderungen moderner Anwendungen und Multitasking-Szenarien. Contra: Die beeindruckende Leistung dieses Prozessors geht mit einer entsprechenden W√§rmeentwicklung einher, was eine effektive K√ºhlung erforderlich macht. Der h√∂here Preis k√∂nnte f√ºr einige Verbraucher eine H√ºrde darstellen, aber die gebotene Leistung rechtfertigt die Investition. Die Verf√ºgbarkeit dieses Prozessors k√∂nnte je nach Region variieren, was m√∂glicherweise zu Lieferverz√∂gerungen f√ºhren kann. Fazit: Insgesamt ist der Intel Core i7-13700K eine beeindruckende Wahl f√ºr Enthusiasten und Profis, die Spitzenleistung in ihrem Desktop-Setup suchen."
14,Client d'Amazon,Reviewed in France on 1 May 2024,5,"ayant lu qu'il chauffait anormalement, ce n'est absolument pas le cas ! sous la barre des 35degresC en jeux type warzone"
15,Rafael D.,Reviewed in Spain on 10 February 2024,5,"No mucho que decir al respecto un gran procesador, 16 n√∫cleos, 8 p-cores y 8 e-cores, 24 threads o hilos es decir 2 hilos por cada p-core y un hilo por cada e-core. Al tratarse de la versi√≥n 13700 k y no FK habilita gr√°ficos en la placa madre por lo que no se necesita gr√°fica adicional si la placa soporta entradas gr√°ficas. Gran CPU"
16,William Wallin,Reviewed in Sweden on 5 February 2023,5,Very good performance for CS:GO where you need high fps to play at the highest level!
17,Neagoe,Reviewed in the United Kingdom on 2 May 2024,5,"Kinda expensive tho, but it will sure hold up for the years to come!."
18,Sircam,Reviewed in Italy on 21 August 2023,5,"Il processore Intel I7-13700K della serie Raptor Lake e con socket LGA1700 indica nel nome la 13^ generazione (circa 2022) e che √® sbloccato di fabrica per l'overclock delle sue frequenze, attivit√† comunque sempre rischiosa per chiunque non sia davvero esperto. Ha 16 core e una frequenza che va da 3,2Ghz a 5,4Ghz con TurboBoost e una richiesta energetica di soli 125W ed integra una scheda video ottima per compiti basilari (navigazione, Office, streaming video, elaborazione grafica leggera). Supporta nativamente i moduli RAM DDR5 risolvendo i (pochi) problemi presenti con la generazione passata. Ho scelto questo processore per cambio completo del mio vecchio PC con oltre 10 anni alle spalle, principalmente per il gaming. Ne vengo dallo stesso modello, ovviamente pi√π vecchio e con meno Core. Personalmente ritengo che questa CPU sia molto solida, stabile e performante per lunghe sessioni di gaming e la preferisco rispetto alla fascia superiore Intel I9-13xxx per via di una migliore gestione multicore durante le partite. Infatti ritengo che il processore I9 sia stato ideato per compiti diversi dal gaming e volevo un prodotto che come prestazioni pure e rapporto utilizzo/costo fosse il pi√π ottimizzato possibile. Sia con un SSD sata che con un M2 Windows si avvia ed √® operativo in mano di 20 secondi (avendo disabilitato la funzione che non spegne mai il PC, quindi l'avvio √® reale partendo da uno stato di spegnimento completo). Qualsiasi videogames recente gestisce i Core senza problemi e il processore stesso ""spegne"" quelli non necessari per l'attivit√† svolta. Anche con quei giochi che richiedono hardware di fascia alta come requisito suggerito per una esperienza ottimale, questa CPU rientra abbondantemente nell'elenco - e lo far√† per davvero molto tempo. A titolo di paragone il mio vecchio Intel I7-3700 √® stato capace di reggere e avviare senza problemi qualsiasi videogioco uscito dal 2013 a oggi senza mai rallentare o scaldarsi oltre misura e non ho dubbi che con questa versione moderna e aggiornata sia uguale. Una piccola cosa a cui prestare attenzione: la CPU scalda. Non √® un suo difetto ma proprio la sua temperatura di esercizio specialmente dopo ore di gaming. Preparatevi a una sua dipartita prematura se raffreddata in modo inadeguato e/o inserita in case piccoli. Il mio modello non era boxato (quindi venduto senza ventola) e mi sono rivolto a un noto brand famoso nell'industria per l'acquisto della ventola dedicata. In conclusione forse ottenevo le stesse prestazioni anche con una CPU della famiglia I5-135xx che hanno da sempre un buon rapporto qualit√†/prezzo, ma ho voluto esagerare per stare tranquillo con le specifiche dei giochi a venire. Secondo me per un gamer √® un must have, anche in comparazione con le nuovissime AMD 7000. Stabilit√†, prestazioni sempre al top e pensieri zero per molto, molto tempo!"
19,Manfred,Reviewed in Germany on 19 March 2024,5,"Super Prozessor- arbeitet fehlerfrei auf meinem MSI Z790. Mainboard, Prozessor und DDR5-Speicher reizen die SSD m.2 Riegel voll aus."
20,Jeffrey,Reviewed in Germany on 16 June 2024,5,"Meiner Meinung nach die beste CPU aktuell, Zum super Preis/Leistungs Verh√§ltnis. Immer wieder"
21,Tang,Reviewed in France on 4 January 2024,5,Il fait clairement le job en termes de puissance et de performances. Rien √† redire de ce c√¥t√©-l√†. Un choix solide pour ceux qui veulent de la performance brute. Et meilleur prix trouv√©.
22,Fillis,Reviewed in Italy on 2 August 2023,5,"Prestazioni oltre le aspettative, non adatto a tutti, per un uso standard ufficio √® sprecato. Per la produttivit√†, editing video ecc ha un rapporto prestazioni/prezzo davvero alto, soprattutto se si abilita la iGpu che lavora in congiunzione con la scheda video dedicata per encoding/decoding e la differenza si vede. Lato processore √® molto potente ma energivoro (consumi di picco circa 250w) e di conseguenza le temperature toccano i 100 C. Cercando online, la soluzione √® l'undervolt (opposto di overclock) che migliora le prestazioni e abbassa i consumi: risultati cinebench r23 - stock punteggio 28000 consumo max 253 W temperatura max 100 C - con undervolt punteggio 30000 consumo max 202 W temperatura max 90 C Punteggio geekbench 6: 18929 Sempra incredibile ma √® vero! (cooler Thermalright Peerless Assassin 120 SE - simile ai Noctua grossi). Dunque per workflow creativi e con qualche ottimizzazione vale ogni centesimo e rende come un i9 top della generazione precedente, per gaming e ufficio meglio risparmiare."
23,Almeria1972,Reviewed in Spain on 28 September 2023,5,"De precio est√° muy bien, si me pregunt√°is si lo recomendar√≠a, la respuesta es s√≠, sin dudarlo, tanto por precio como por calidad de todo, espero ser de ayuda si est√°is pensando en comprarlo."
24,Joan,Reviewed in Spain on 23 January 2023,5,"No se calienta. Lo tengo montado con un Noctua Nh-D15S de disipador y a maximo rendimiento no pasa de los 60 grados. Tiene el suficiente ipc y nucleos para jugar, renderizar y tareas informaticas  basicas. Por un poco m√°s de lo que cuesta un i5 12400f tienes a un verdadero monstruo. Lo compr√© justamente por este motivo, me costo 80‚Ç¨ m√°s que un i5 12400. Claro que solo es mi humilde opini√≥n."
25,olicar78,Reviewed in Italy on 9 May 2024,5,Spettacolare. √à un vero mostro. Indescrivibile la sua potenza. Ben oltre i 5ghz
26,Mark Taylor,Reviewed in the United Kingdom on 9 November 2023,5,Nice cpu for gaming as well as prem pro
27,thestartrek,Reviewed in France on 16 June 2024,5,rien a dire
28,Andrej ≈Ωiniƒá,Reviewed in Germany on 11 June 2024,5,Very good processor!
29,D. J. Braithwaite,Reviewed in the United Kingdom on 4 April 2023,5,"I edit 4K video in Premiere and RAW files in Photoshop. This chip is very good. Granted, I upgraded from a 10 year old 4700K (oof), so to describe the performance improvement as 'noticeable' would be an understatement, but I think anyone doing similar work who's finding that their their older chip is struggling to render/run their editing software will be more than pleased with the capabilities of this chip. Plus, it doesn't run nearly as hot as my 4700K did. I moved from an AIO to a (very large) air cooler and the temps are great!"
30,GESUINA,Reviewed in Italy on 14 June 2024,5,Ottimo processore
31,Martin brinn,Reviewed in the United Kingdom on 11 September 2023,5,Awesome cpu just as good as a i9 13900k clocked at 5.5ghz open loop aorus extreme rtx4080 gskill 4x 16 gig 7200mhz ddr5 name westirn digital 850N 1tb 2x 480mm alphacool nexus monster 8 x lian li fans ek water block From restrike extreme 2k 3d mark 85th place
32,Th√©o Gisclard,Reviewed in France on 16 April 2023,5,"Les processeurs deviennent un peu cher compar√© a quelques ann√©es en arri√®res d√ª aux p√©nuries... Si le processeur est bien refroidi gr√¢ce √† un bon Water Cooling, rien ne lui r√©siste ! Utilisation autour des 20-25% sur des gros jeux pour un temp√©rature d'environ 50¬∞ (Test OCCT : utilisation 100% | temp ~70¬∞) Si vous cherchez du Haut de Gamme sans passer sur un i9, ce i7 c'est parfait !"
33,M√°rcio Vale,Reviewed in Spain on 20 June 2023,5,"Processador otimo, como developer ainda nao cheguei a usar todo o poder da nova geracao e ja estou bastante satisfeito, mais logo farei ele dar o seu limite :D."
34,Carinthian Oak,Reviewed in Germany on 29 January 2023,5,"Ich habe lange √ºberlegt ob ein Upgrade von meinem treuen 8700k √ºberhaupt sinnvoll ist. Bei 90% Gaming - 10% Arbeit, da habe ich mir haupts√§chlich Spiele Performance Vergleiche unter die Lupe genommen. In meiner Aufl√∂sung von 3440x1440 und 2560x1440 spielt der Prozessor eher eine untergeordnete Rolle, meine 2080Ti als Grafikkarte sollte also vorher getauscht werden, was jedoch mit meinem 8700k eher zu einem Bottleneck gef√ºhrt h√§tte. Also habe ich beschlossen den 13700k + MSI z790 Gaming Edge Mainboard zu kaufen um f√ºr eine neue Grafikkarte in Zukunft ger√ºstet zu sein. Als erstes fiel mir auf wie heiss der 13700k im Vergleich ist, mein 8700k war gek√∂pft und lief unter Vollast mit maximal 60-65 Grad. Der 13700k hingegen, ohne OC nat√ºrlich, rennte bei den ersten Benchmarks gleich auf die 100 Grad zu, ufff. Das Teil ist ein absolutes Performance Monster wie ich im ‚Äû3D Mark‚Äú Benchmark festgestellt habe. Teilweise sogar Platz 1 mit meiner Hardware Kombination. Er zieht sich halt √ºber 253W und mehr und da kommt das Bios ins Spiel. Ich kann euch nur raten die Power Limits zu reduzieren, Temp Limits zu senken, Core Voltage zu regulieren etc. Der liefert immer noch tolle Performance und es gibt genug Optimierungsm√∂glichkeiten. Meine min. Fps und Framtimes wurden so stark verbessert dass sich ein Spiel, welches fast dieselben Avg Fps liefert, sich wie ein neues Spiel anf√ºhlen. Absolut krass und h√§tte ich nicht erwartet und das in meiner Aufl√∂sung. Zur Zeit l√§uft er noch unter Windows 10 bei mir, es sollte aber Windows 11 bevorzugt werden aufgrund der besseren Kommunikation mit dem Prozessor und seinen E Cores, welche auf ebenjenes Betriebssystem abgestimmt wurden. F√ºr 450‚Ç¨ ein absolutes Monster, ob effizient oder stromhungrig bleibt euch √ºberlassen, der kann alles. Aber holt euch eine ordentliche K√ºhlung daf√ºr, bei mir wird alles unter einer Custom Wasserk√ºhlung gek√ºhlt. Macht's gut und Servus."
35,Yeray cabrera Padr√≥n,Reviewed in Spain on 29 September 2023,5,Funciona perfectamente
36,Testeur,Reviewed in France on 23 December 2023,5,Parfait pour faire tout les jeux en 4k
37,Henry grant,Reviewed in the United Kingdom on 11 April 2023,5,"My dad sends emails easily, loves his new computer! And yes I‚Äôm serious, benches well & operates efficiently he can now use excel & outlook without lag!"
38,Roberto,Reviewed in Italy on 18 May 2024,5,Questo processore e nato per il Gaming
39,MYKOUKRA,Reviewed in Germany on 12 May 2024,5,Alles Top! Gerne wieder! 100% Positive Bewertung!
40,Guglielmo,Reviewed in Italy on 22 April 2024,5,Ottimo
41,Maddy,Reviewed in Germany on 2 April 2024,5,"Haben meinen PC nach 5 Jahren aufgewertet und meinen AMD Ryzen 9 3900X eingetauscht gegen dieses Kraftpaket. Kann den Intel¬Æ Core‚Ñ¢ i7-13700K nur empfehlen, egal ob in Spielen oder in Anwendungen, er kommt in s√§mtlichen Bereichen gut voran und das ohne irgendwelchen kritischen Werte zu erreichen. Wer also das n√∂tige Kleingeld hat, kann bei diesen Prozessor nichts falsch machen."
42,Amazon Kunde,Reviewed in Germany on 20 July 2023,5,"Habe mir einen neuen PC Gebaut und es war definitiv  die richtige Entscheidung das ich mir diesen Intel¬Æ Core‚Ñ¢ i7-13700K Desktop-Prozessor 16 Kerne (8 P-Kerne + 8 E-Kerne) 30M Cache, bis zu 5,4 GHz gekauft habe, der KF ist zwar noch ein bisschen besser als der K aber nicht wesentlich, warum ich mich f√ºr den K entschieden habe? hab lange √úberlegt KF oder K, aber  dann dachte ich mir ich kaufe mir den K  weil er noch eine Integrierte Grafikeinheit hat, sollte die Grafikkarte mal defekt sein so kann ich auf den Prozessor ausweichen und kann mein PC noch nutzen ohne einen Schwarzen Bildschirm, und nichts ist √§rgerlicher wenn der PC schwarz bleibt . Die CPU ist auf einem MSI MAG Z790 Tomahawk WiFi Motherboard,ATX - Unterst√ºtzt Intel Prozessoren der 12. und 13. Gen, LGA 1700 - 90A SPS VRM,DDR5 Memory Boost 7200+MHz/OC, PCIe 5.0 & 4.0 x16,4 x M.2 Gen4,Wi-Fi 6E verbaut Gek√ºhlt wird die CPU durch eine MSI MAG CORELIQUID 240R V2 AIO-Wasserk√ºhlungs-CPU-Kit Das hochfahren das PC,s dauert bei mir exakt 16 Sekunden, hab die zeit gemessen Dank der Pumpe h√§lt sich die Temperatur der CPU zwischen 40 - 43 Grad im Normal Modus im Gaming Modus  schwankt sie so 73 bis 84 Grad h√∂her wird die Temperatur nicht. Kann man messen mit den kostenlosen Programm HWMonitor, das Programm misst alle Temperaturen die sich im PC befinden, CPU, GPU, RAM, Festplatte , L√ºfter usw, Der Intel¬Æ Core‚Ñ¢ i7-13700K Prozessor ist im Ranking auf  Platz 8 zur zeit. der KF ist Platz 7 im Ranking Leute ich kann nur sagen wenn ihr euch einen neuen PC zusammenbaut, Spart nicht an der falschen Stelle ist zwar ein Stolzer Preis ( habe 408 Euro bezahlt ) aber es lohnt sich  definitiv f√ºr mich klare Kaufempfehlung Ganz wichtig der Prozessor l√§uft nur unter Windows 11 richtig gut , keine Ahnung warum hab es gelesen das der nur seine volle wie soll ich,s ausdr√ºcken volle Entfaltung unter Windows 11 hat. Win 11 ist aber echt na ja ich sag nichts dazu ......."
43,Amazon-Kunde,Reviewed in Germany on 1 May 2024,5,Good
44,Tobias Gollmann,Reviewed in Germany on 20 March 2024,5,L√§uft 1A. Bin sehr zufrieden
45,IT-Schwabl e.U.,Reviewed in Germany on 7 December 2023,5,"Intel hat ja dank AMD mit seiner Ryzen Serie ordentlich Konkurrenz bekommen. Wie sagt man so sch√∂n: Konkurrenz belebt das Gesch√§ft. Das merkt man deutlich bei der 13. Generation von i3, i7 und i9. Ordentlich Power in allen Lebenslagen. Der i7 stellt einen guten Mix aus Leistung und Effizienz dar. Nutze grade den 13700K gerne, da einem so alle T√ºren in Sachen Tuning offen stehen. Eine ausreichende K√ºhlung sollte aber Grundvoraussetzung sein"
46,Leonardo Pellicane,Reviewed in Germany on 5 March 2024,5,Gut Prozessor
47,Nioc Mc,Reviewed in Germany on 7 February 2024,5,"Does what it's supposed to do, but the onboard graphics won't drive a flight sim, sadly."
48,Andrea,Reviewed in Italy on 13 November 2023,5,"Molto pi√π sensato di un i9 per le sue caratteristiche e prezzo. Nello scenario di una persona comune che vuole un sistema potente, stabile e duraturo non pu√≤ non esserci.  Non √® prestazionalmente vicino al fratello maggiore, ma chi ha realmente bisogno di tutta quella potenza ? Unico neo, scalda molto per cui richiede un dissipatore adeguato."
49,A,Reviewed in France on 22 July 2023,5,"Apr√®s 3-4 ans avec mon ancien setup, j‚Äôai d√©cid√© qu‚Äôil √©tait temps de le changer. En comparaison de mon ancien i7-6700k, c‚Äôest le jour et la nuit. Le boot up est extr√™mement rapide, √† peine le temps de respirer que je suis d√©j√† dans Windows! Au m√™me titre que toutes les applications qui s‚Äôouvrent aussi rapidement: jeux vid√©o, streaming et logiciels de design. J‚Äôavais opt√© au d√©part pour un i9-13900k, mais au vu des benchmarks, j‚Äôai finalement gard√© cet i7-13700k et je ne regrette pas! C‚Äôest une vraie merveille."
50,Kromi1991,Reviewed in Germany on 6 January 2024,5,Vom i7-9700k auf den i7-13700k upgeradet ein Unterschied wie Tag & nicht. üëåüèª benutze die CPU Hauptsache zum zocken und diese CPU schafft jedes Game mit links.
51,Lorenzo De Stefano,Reviewed in France on 5 January 2024,5,"excellent, je suis tr√®s content"
52,Carrozza Claudio,Reviewed in Italy on 14 November 2023,5,"E‚Äô un ottimo compromesso per il Gaming e il foto ritocco ovvero gli applicativi di Grafica pesante: tipo Cinema 4D e rendering come Redshift, specie se poi accoppiato ad una scheda grafica della serie RTX di nvidia."
53,mbit78,Reviewed in Italy on 5 December 2023,5,"Niente da sottolineare, processore energivo 250 watt di picco e con esso con calore da tenere a bada.. Per il resto un ottimo acquisto."
54,David,Reviewed in Germany on 19 January 2024,5,Tut was es soll
55,GERARD PAREDES,Reviewed in France on 18 September 2023,5,"La diff√©rence avec mon i7 8700K est plus que notable. Mont√© sur une carte Asus F-Gaming Wifi il faut clairement dire que c'est fluide pour tout. De la g√©n√©ration 8 √† la 13 les performances sont plus que sensibles. Les logiciels fonctionnent rapidement, pas de lag, tr√®s satisfait de ce choix"
56,Santagata Carmine,Reviewed in Italy on 25 December 2023,5,"Che dire, I 7 di ultima generazione, il prodotto si preasenta da solo."
57,Benoit Cyril,Reviewed in France on 9 December 2023,5,Remplace mon I5 2600k avec succ√©s Je recommande
58,Big T,Reviewed in Germany on 6 August 2023,5,"Der Intel I7-13700k Prozessor √ºbertrifft in puncto Leistung und Geschwindigkeit alle Erwartungen. Seine starke Performance bei anspruchsvollen Aufgaben, Spielen und Multimedia-Bearbeitung ist beeindruckend. Die √úbertaktungsm√∂glichkeiten des I7-13700k sind herausragend, was eine Steigerung der Leistung erm√∂glicht, wenn die richtige K√ºhlung und Konfiguration verwendet werden. Eine leistungsstarke K√ºhlung wird dringend empfohlen. Sollte man mit den hohen Temperaturen dieses Biestes nicht zurecht kommen, kann man immer noch ‚ÄûUndervolten‚Äú, bei mir sind es 0.1V, keine Leistungseinbusse, jedoch 10Grad weniger!!!"
59,TechGuru,Reviewed in Germany on 23 June 2023,5,"Gege√ºber meinem vorherigen Prozessor mehr als doppelte Leistung. CPU-Z gab beim Amd Ryzen 7 3800 XT (alte CPU) 5680 Punkte (Gesamtleistung) und 430 (Einzelner Kern) aus, im Gegensatz dazu Intel i7 13700K (neue CPU) 12680 Punkte (Gesamtleistung) und 830 (einzelne CPU). Obwohl die alte CPU auch schon 8 Kerne hatte, wurde die Leistung enorm gesteigert. Zus√§tzliches PLUS: Gegen√ºber der alten AMD CPU: Mehr Leistung aber weniger Stromverbrauch und weniger Abw√§rme, auch bei Vollast. Ich gehe nicht mehr zu AMD zur√ºck. Lieber etwas mehr ausgeben und ein tolles Prodkt erhalten."
60,mammut,Reviewed in Germany on 20 January 2024,5,Perfect!
61,M. Sylvain,Reviewed in France on 18 November 2023,5,"Apr√®s 6 mois d'utilisation Attention il chauffe beaucoup, 250watt de consommation √† plein r√©gime, pr√©voir refroidissement en cons√©quence"
62,FRANCOIS FRIGORISTE EXPERT,Reviewed in France on 16 December 2023,5,Top rien as dire
63,Robert J.C,Reviewed in France on 20 February 2023,5,J‚Äôavais depuis 2019 un bon et gros 9900k et j‚Äôai eu l‚Äôopportunit√© de faire un upgrade pour pas ch√®re. Je m‚Äôattendais pas un truc r√©volutionnaire vue l‚Äôes performance du i9 et pourtant !! Ce 13700k est un monstre ! En gaming ma 3080 a repris de la grosse performance ! Je m‚Äôattendais pas √† avoir un gain aussi √©lev√©e de m√™me que pour les temps de chargement de jeux qui exploite bien mieux les ssd nvme que mon ancienne CM z390 Par contre chauffe √©norm√©ment.
64,Dnc 971,Reviewed in France on 29 September 2023,5,"CPU super performant, Intel a fait du tr√®s bon boulot. Chose √† savoir au niveau de la chauffe, sur cinebench R23, √ßa attend facile les 90 degr√© sur aio 360"
65,stefano,Reviewed in Italy on 14 December 2023,5,Ottime prestazioni veramente top
66,Oofus,Reviewed in Italy on 3 December 2023,5,"Montaggio abbastanza semplice, per ora non ho problemi"
67,W. Keller,Reviewed in Germany on 12 November 2023,5,"Intel core Prozessor sind meiner Meinung nach die besten, bin voll zufrieden mit dem 7 prozessor."
68,Glt,Reviewed in Italy on 14 October 2023,5,"Consegna inappuntabile come al solito, imballaggio integro e puntualit√†. Intel sempre affidabile, ho acquistato questo processore per aggiornare il mio pc da gamer. Ottime prestazioni e massima compatibilit√≤√†"
69,MarcoSlavazza,Reviewed in Italy on 12 August 2023,5,"Sono passato da un Intel i7 8700k di 8th gen a questo 13700k di 13th gen e la differenza √®, ovviamente, notevole. Facile da overcloccare e molto stabile. Ad oggi non ha nessun genere di problematica anche con un dissipatore non eccelso. Processore assolutamente top come rapporto velocit√† prezzo."
70,DADO,Reviewed in Italy on 14 December 2023,5,Perfetto
71,Krumschi,Reviewed in Germany on 2 June 2023,5,Kaum schlechter - teilweise sogar besser - als ein 13900k. Ich hab mein 12900k ersetzt und der 13700k (gleiche C + c und T) haut einfach 15% mehr Leistung drauf. Ein Schluckspecht und Hitzkopf ist er im Workload - beim Gaming zuzelt er ca. 70 Watt aus dem Sockel und schwankt - je nach Einstellung der K√ºhlung) zw. 60 und 80 ¬∞C ...
72,Federico,Reviewed in Italy on 14 September 2023,5,"Si tratta di uno dei processori pi√π potenti in circolazione nel 2023. Perfetto sia per gaming che per lavorare, anche con le migliori schede video non ci saranno problemi di collo di bottiglia. TOP!"
73,Massimiliano Sartorio,Reviewed in Italy on 28 November 2023,5,Una vera bestia.
74,George,Reviewed in Germany on 17 November 2023,5,Great performance benchmarks
75,Flashactive,Reviewed in Germany on 16 April 2023,5,"Ich bin von einem Intel I9 10900K umgestiegen, das Upgrade hat sich auf jeden Fall gelohnt. Ich habe jetzt ca. 35% mehr Leistung und meine RTX 4090 kann jetzt voll ausgereizt werden. Mit meiner Liquid Freezer II 360 AIO Wasserk√ºhlung komme ich auf max. 82¬∞C, in Idle unter 30¬∞C Mal schauen wie sich die Temperaturen in Sommer verhalten, notfalls wird die CPU undervolted. Von mir 5 Sterne"
76,TheG,Reviewed in Germany on 24 September 2023,5,Habe davon nie CPUs von Amazon bestellt aber jetzt werde ich das √∂ffter machen einfach nur schnell und gut
77,stef,Reviewed in France on 17 May 2023,5,Je passe d I9 9900k a ce I7 13700K et je n aurai pas cru ressentir une tel  diff√©rence que ce soit en jeu ou en traitement vid√©o rien ne lui fait peur par contre il faut un bon refroidissement moi j ai pris un Noctua DH15 chromax black
78,MK1,Reviewed in Germany on 11 July 2023,5,"Nachdem ich die CPU auf 180 Watt beschnitten habe bin ich mit ihr sehr zufrieden. Temperaturen halten sich so n√§mlich im Rahmen, davor hat meine 360 Aio es nicht geschafft die CPU auf unter 100Grad zu halten."
79,Schneemann,Reviewed in Germany on 19 January 2023,5,"Der I7 Prozessor 13 Generation  hat viele positive als auch negative eigenschafften ,es wird viel dar√ºber geschrieben und viel M√ºll verbreitet ! Deswegen werde ich auch nicht direkt das Produkt bewerten sondern einfach sagen das ich pers√∂nlich mit den Intel¬Æ Core‚Ñ¢ i7-13700K vollkommen zufrieden bin und erf√ºhlt meine Erwartungen und f√ºr meine zwecke ausreichend ist  , es muss jeder f√ºr sich  selbst wissen was ihn gef√§llt und wie hoch sein Budget  ist weil die Prozessoren sin auch nicht gerade billig."
80,Stefano Dielle,Reviewed in Italy on 19 June 2023,5,"Il processore √® conosciuto e testato, va bene per tutto, da Davinci Resolve a Photoshop ed altri, perfetto per una ottima worstation, ma scalda come un fornetto, ci puoi scaldare le piade sopra, ed √® obbligatorio un raffreddamento a liquido per evitare di cuocerlo."
81,sotos,Reviewed in Germany on 22 March 2023,5,This is an extreemely powerfull cpu but intels new design made them to run as hot as possible before they start losing power... you really neeed to have a good cooler to get the most out of that cpu.. i warn anyone that those cpus were designed to reach and work at 100c at all times dont get surprised !!
82,Joshua F.,Reviewed in the United Kingdom on 22 September 2023,5,super fast
83,Philipp janson,Reviewed in Germany on 16 February 2023,5,Hab ihn auf einem Asus rog strix z790-f und was soll ich sagen F√ºr Rendering w√ºrde ich mir etwas Richtung i9 √ºberlegen und f√ºr Full hd eher Richtung i5 gehen Der i7 ist der perfekte Kompromiss zwischen Gaming in 4K und ich m√∂chte doch gelegentlich mal ein Video schneiden rendern hochladen oder auch Streamen Wird allerdings sehr heiss ich empfehle ein negatives Volt Offset
84,Tautis,Reviewed in Germany on 7 February 2023,5,"Performance is great. The only issue is that its a bit of a power hog. With a decent coller (I'm using an NH-U12A) that is not a problem for overheating, but if you really don't need processing power that much, get the 13th gen i5 instead. Not only is it cheaper, but it is also more efficient with power consumption, so you will save money on electricity bills as well."
85,WatchingTheOcean,Reviewed in Germany on 9 January 2023,5,"Verdammt starke CPU, kostet allerdings auch einiges. L√§uft bei mir auf einem Gigabyte Z790 Board mit DDR5, hat alles aus der Box funktioniert. Habe mir diese CPU nach 12 Jahren mit meinem 2500k geholt und hoffe diese h√§lt mir wenigstens die H√§lfte dieser Zeit. Zu beachten sind die hohe Temperatur, ich habe etwa 30¬∞ Idle, 50-60¬∞ mit anspruchsvollen Anwendungen, 70-80¬∞ mit 90¬∞ peaks mit P95 Stress Test. Habe als K√ºhler einen beQuiet Silent Loop 2 360."
86,Vink,Reviewed in France on 26 September 2023,5,je recommande pour toute les taches informatique
87,julxhin,Reviewed in Italy on 1 September 2023,5,Per chi dice che scalda troppo ditegli di farsi un dissipatore come si deve il processore e ottimo
88,Emy Andrei,Reviewed in Italy on 2 August 2023,5,Venditore molto serio e disponibile per i vari problemi incontrati durante la spedizione del pacco. Non vedo l'ora di montarlo nel nuovo computer !
89,Lazzarin Matteo,Reviewed in Italy on 11 October 2023,5,Il mio voto √® 10
90,Great,Reviewed in Germany on 22 September 2023,5,Very good for gaming issues
91,Holly,Reviewed in Germany on 17 August 2023,5,"Super CPU und g√ºnstiger als das Topmodell, allerdings sind die Preise zur Zeit recht hoch."
92,Marton,Reviewed in France on 14 June 2023,5,"Le processeur fait tr√®s bien son taff SI IL EST CORRECTEMENT REFROIDI, je vous conseille un watercooling tout de m√™me. Rien √† dire de plus."
93,Makai General Automatika kft,Reviewed in Germany on 13 December 2022,5,"It overclocks well and it is great for gaming. If you have an ASUS motherboard Z690 or Z790 then overclocking is just so easy; with the Z790 chip Asus boards you can overclock the cache as well. Mine can do 6000Mhz on 1 core, 5900Mhz on 3 core, 5800Mhz on 5 core and 5700Mhz on all core..."
94,mauro59,Reviewed in Italy on 16 September 2023,5,Tutto perfetto! Venditore molto serio!
95,Christophe Huant,Reviewed in France on 28 February 2023,5,J'ai command√© ce processeur pour mon premier pc mont√© par mes soins.la qualit√© finale est au rendez vous gr√¢ce aussi a mon Lian li lancool iii rgb blanc. Merci au vendeur pour le rapport qualit√© prix.
96,Salvatore Mario Maugeri,Reviewed in Italy on 20 August 2023,5,"Facile installazione, ottima qualit√† !!!"
97,Mata,Reviewed in France on 2 June 2023,5,"Processeur tr√®s puissant qui tient parfaitement tous les jeux sans trop chauffer. Au top, je n‚Äôen choisirais pas un autre."
98,Flo1990m,Reviewed in France on 24 July 2023,5,"Achet√© pour remplacer un I7-7700K, c'est bluffant. Tr√®s bon processeur"
99,Leonardo Bugiani,Reviewed in Italy on 28 August 2023,5,Super veloce
100,Auro,Reviewed in Spain on 21 April 2023,5,"Llevo casi dos meses us√°ndolo, todo funciona bien, me gusta mucho, satisfecho con la compra"
101,Naomi,Reviewed in Brazil on 30 August 2023,5,"produto √© √≥timo, veio em perfeitas condi√ß√µes, s√≥ a entrega atrasou um pouco, mas coisa pouca."
102,boyb,Reviewed in France on 19 January 2024,5,"Je passe d'un i9-9900KF avec DDR4 3200 MHz √† ce i7-13700F avec DDR5 VENGEANCE 7200 MHz 2x16 Go (CMK32GX5M2X7200C34), c'est nettement plus performant, c'est au moins deux fois plus rapide, fluide et r√©actif. Tout est stable gr√¢ce √† la carte m√®re Mini ITX ASUS ROG Strix B760-I Gaming WiFi. Mes applications s'ouvrent d√©sormais instantan√©ment. La bande passante m√©moire sous AIDA est XXL du jamais vu (plus de 100 giga octets par seconde) . Score de 29900 sous Cinebench R23, et environ 29000 avec la s√©curit√© temp√©rature √† 90¬∞C activ√©e dans le BIOS (tr√®s bonne option pas prise de t√™te). Oui √ßa monte vite en temp√©rature, sous contrainte √† 100% on atteint les 100¬∞C tr√®s vite, du coup j'ai adjoint un watercooling Cooler Master MasterLiquid Lite 120 au bo√Ætier Silverstone SST-SG13B pour bien refroidir, auquel j'ai remplac√© le ventilo stock par deux ventilos ARCTIC BioniX P120 mont√©s en push pull, du grand bonheur rafraichissant. Il fallait vraiment √ßa. Idle 32-34 ¬∞C avec une temp√©rature ambiante de 18 ¬∞C. J'ai un doute pour cet √©t√©."
103,Amanda,Reviewed in Canada on 19 June 2023,5,Super speed .. wish price were cheaper but great quality üëå
104,M.C.Schuster,Reviewed in Germany on 6 October 2023,5,"Viel Power, deutlich besser als AMD Wird auch unter Vollast nicht zu heiss"
105,Emanuele,Reviewed in Italy on 16 April 2024,5,"Per la quinta volta in vita mia ho scelto un Intel e non ho sbagliato. Fermo restando la necessit√† indiscutibile di avere un raffreddamento adeguato, questa √® una CPU molto felice di salire in clock per fatti suoi, boostare su multipli core se necessario o di accontentarsi di un filo di corrente se non sta facendo niente di pesante. Prima di questa avevo un i7 7920x e mi √® pianto il cuore a cambiarlo, ma tutto sommato dopo sei mesi, non posso lamentarmi del cambiamento. Respira bene e non da mai l'impressione di stare annegando nelle task, tiene dietro alla 3080ti senza fatica e non ho mai avuto l'ombra dell'impressione che rappresentasse un collo di bottiglia. In definitiva, ne sono soddisfatto."
106,jmo,Reviewed in Spain on 8 April 2024,5,"Vengo de un Intel i5 9600k, y de momento no he notado grandes diferencias. Pero igual para ver todo su rendimiento debo acompa√±arlo con piezas acorde a lo que es. Igual unas rams a su medida y un m2 pc 4.0 y ver que pasa."
107,Jose Roger,Reviewed in Spain on 18 September 2023,5,"Adoro esta CPU, buen rendimiento en todo, no pasa de 65/70 grados en gaming y no pasa de 80w de consumo da igual que juego pongas ( yo le puse una aio de 360 de 75‚Ç¨) estoy muy satisfecho la verdad."
108,Christian,Reviewed in Germany on 5 July 2023,5,"Habe nur die CPU getauscht von einer √§lteren i7 Generation und in Spielen, die sehr CPU Lastig sind (zB Watchdogs und Rainbow 6 Siege) teilweise √ºber 100 FPS mehr bei gleicher GPU wie vorher. Die neuen Generationen sind auf jeden Fall ein Upgrade wert. Und 24 Cores sind auch genial, k√∂nnte schon fast eine Server CPU sein"
109,Sergio,Reviewed in Italy on 24 September 2023,5,ho montato questo processore su una buil abbastanza spinta. chi mastica di informatica gi√† lo sa quindi se c'√® qualcuno che √® indeciso posso solo dire che non se ne pentir√†
110,carlo,Reviewed in Italy on 10 August 2023,5,Lo consiglio Oltre la CPU c'√® un ventola
111,JL,Reviewed in Spain on 18 May 2023,5,"Un procesador de lo mejor, puede con todo lo que le pongas, lo que no me ha gustado es que se calienta demasiado, suele trabajar en 60 - 70¬∫C, incluso llega en ocasiones a los 80¬∫C. Por todo lo dem√°s tiene potencia de sobra para todo."
112,Lukas gutschi,Reviewed in Germany on 29 August 2023,5,Habe dieses Produkt schnell bekommen und funktioniert einfach nur toll!
113,"Tristan, UK",Reviewed in the United Kingdom on 30 December 2023,4,"Bought this as part of a new build, very solid processor so far (6 months-ish) down the line, only overheated the one time when I went a bit trigger happy on an overclock... we live and learn ;)"
114,DrK,Reviewed in Sweden on 30 May 2023,4,Lagom och bra pris / prestanda G√•r svalt
115,Christian,Reviewed in Spain on 20 April 2023,4,"Pensaba que iba a ir mejor de temperaturas pero si lo dejas por defecto los voltajes en la bios son bastante altos y si haces los test sube a 100 grados y 90 grados en consumo 100% de rendimiento. Tengo un disipador corsair hidro h150i, para que funcione estable y no se exceda de calor tendr√°s que bajar de forma manual los voltajes.. si quieres que tenga una larga vida la cpu.. pero est√° claro que quienes compramos nuevas tecnolog√≠as cada 5 a√±os cambiamos de procesador.. Resumen: consumo y temperaturas altas. Mejor opci√≥n ed el i5 menos temperaturas y mas econ√≥mico.. me lo quedar√© ya que lo he comprado.."
116,Matteo Ferrari,Reviewed in Italy on 9 March 2024,4,"Comunque resta un ottimo processore, √® esattamente ci√≤ che promette"
117,Flo,Reviewed in France on 7 February 2024,4,"Processeur puissant mais assez chaud par d√©faut. Sans d√©sactiver quoi que ce soit il peut monter a 43¬∞~ en idle ce qui fait fonctionner le refroidissement assez fort de base et donc rend le PC plus bruyant qu'avec l'ancien processeur (i7 6700k). Sinon en charge il tient plut√¥t bien la chaleur je ne l'ai jamais vu d√©passer les 78¬∞. Achet√© pour 470‚Ç¨ en 2022, je suis satisfait de mon achat."
118,Andreas Hakansson,Reviewed in Germany on 9 November 2023,4,"Also erstmal das positive: super Leistung, Multitasking CPU Negative: hoher Stromverbrauch, im idle sowie beim Gaming und Standard bios settings Idle: 60 Watt Die CPU braucht eine gute K√ºhlung und Wasserk√ºhlung ist unabdingbar. Besitze eine h150i Elite capellix 360mm L√ºfter. R32 ca 92 grad Beim zocken (cs2) um die 60 grad"
119,Pogyz,Reviewed in France on 1 March 2023,4,"J'ai chang√© de config derni√®rement et j'ai bascul√© d'un i5-7600k √† ce mod√®le i7-13700k... Autant dire que √ßa d√©tonne pas mal. Je l'ai install√© sur une carte m√®re Asus TUF Gaming Z790-PLUS (histoire d'avoir le dernier chipset), sans aucun probl√®me. Le tarif est √©lev√© et qui plus est il est livr√© sans ventirad. Mauvais point d'Amazon... La livraison s'est faite de mani√®re s√©curis√©e (avec un code √† remettre au livreur) mais l'emballage √©tait inexistant (une enveloppe). J'ai bien vu que la boite contenant le processeur avait ""subit"" les affres de la livraison, mais l'objet principal n'a pas √©t√© abim√©. Je savais qu'il chauffait pas mal, aussi pour la premi√®re fois j'ai install√© un watercooling pour le processeur. En l‚Äôoccurrence un Thermaltake Toughliquid 360 (pr√©voir le boitier en correspondance pour les dimensions internes). En usage normal il ne d√©passe pas les 35¬∞ et pouss√© lors de sessions jeux assez gourmands (Cyberpunk 2077 / Forza Horizon 5...) on a une temp√©rature tr√®s raisonnable de moins de 60¬∞. Je me rappelle que mon vieux i5 pr√©-cit√© pouvait monter √† +80¬∞ (avec un l√©ger overclock de +15%). J'ai pris la version K (et non KF) pour deux raisons : - La possibilit√© de l'overclocker tr√®s facilement avec la carte m√®re Asus, sans d√©passer les limites du raisonnable (et donc prolonger sa dur√©e de vie d'utilisation) - l'utiliser au cas o√π la carte graphique venait √† tomber en panne (ce qui m'est arriv√© justement quand j'avais la GTX1080... Le maintien et la combinaison Asus Chipset Z790 / RTX 4080 est nickel. L'ensemble se marie parfaitement... et est tr√®s on√©reux (!!!). Toutefois pas de regrets, affichage en 4K √† tous les niveaux maintenant ! A@ Pogyz"
120,Carlo,Reviewed in Italy on 23 October 2023,4,Sto ancora cercando di avere il massimo rendimento e non sono sicuro che gli attuali driver mi consentano di sfruttarlo al meglio. Temperature abbastanza alte in fase di sforzo 60-90¬∞ con 4 ventole nel case + Noctua NH-D15 sulla CPU. Sono passato da un i7 3930k a questo i7 13700k e la differenza di prestazioni √® notevole. Tuttavia il funzionamento di questi Core / Threads che si attivano o disattivano a piacimento non mi fa impazzire. Non si capisce mai quando il processore sta dando il massimo.
121,Batmazon,Reviewed in Italy on 13 September 2023,4,"E' ovvio che si parla di un ottimo processore in generale, ma non essendo personalmente interessato all'overclocking ho voluto provare anche la versione non overcloccabile I7-13700 (non K) che gira anche a 200mhz in meno. Ebbene, dopo numerosi stress test, ho scoperto che una volta attivata da BIOS la funzione MCE (multicore enhancement) su entrambi, il I7-13700 va leggermente pi√π forte del ""fratellone"" 13700K che invece col MCE attivo guadagna pochissimo. Tra l'altro quest'ultimo scalda anche di pi√π, pertanto ho preferito fare il reso del 13700K e tenere il 13700 liscio che costa anche una trentina di euro in meno."
122,Cliente Amazon,Reviewed in Italy on 23 December 2023,4,"Testato a parit√† di motherboard. Va meglio del pi√π grande i9 serie 12 . Ha un clock leggermente maggiore, una cache L2 pi√π grande e nei benchmark si nota. Ottimo x i gamer."
123,Mattia,Reviewed in Italy on 17 September 2023,4,"Acquistato per 414 euro, ritengo che sia un ottimo acquisto, prestazioni generali bilanciatissime per un uso sia gaming che professionale, temperature tenute a bada grazie ad un LS720 deepcool, montato con il contact frame per ottimizzare il raffreddamento,  non tentenna per niente, sulle 400 lo considero quasi un bestbuy , si pu√≤ risparmiare con il modello KF ma io preferisco sempre avere il classico K."
124,Pier Luigi,Reviewed in Italy on 4 June 2023,4,"Il processore in se √® ottimo, energivoro se sotto carico pesante, ma performante e abbastanza semplice da tenere fresco, il problema √® il prezzo, l'ho pagato 490 ‚Ç¨ (venduto e spedito da Amazon) per poi trovarlo in sconto a 414 ‚Ç¨ (venduto e spedito da Amazon) pochi giorni dopo, perch√® non sapevo del game week di Amazon e questo mi ha fatto leggermente arrabbiare! Visto che pago il Prime almeno un buono simbolico sui prossimi acquisti quando accadono queste cose sarebbe cosa gradita."
125,Udo Bernett,Reviewed in Germany on 21 November 2023,4,Bin sehr zufrieden
126,Daniele Tamborrino,Reviewed in Italy on 16 December 2022,4,"Su performance c'√® poco da dire, come tutti i nuovi processori usciti in questo periodo spinge molto e consuma tanto quando √® sotto un carico completo. Durante l'uso normale e i giochi non consuma molto ma mi capita di fare qualche transcoding video e in quel caso sfora i 220W. Con un offset di -100mV impostato su bios sono sceso a 170W/180W senza alcuna perdita di performance, sinceramente avrei preferito fosse cos√¨ di fabbrica o almeno che (sia AMD che Intel) la smettessero di pompare al massimo i consumi per dire chi ha le barre pi√π lunghe nei benchmark"
127,Brixodin,Reviewed in France on 12 January 2023,4,"Je suis extr√™mement d√©√ßu par la livraison d'un processeur √† plus de 500‚Ç¨ : Livr√© dans un simple sachet papier, forc√©ment boite compl√®tement √©cras√©. Heureusement que le processeur lui est bien prot√©ger et ne bouge pas mais c'est du scandale de livrer √ßa comme cela. Apr√®s pour le CPU en lui m√™me : c'est un i7 13√®me gen donc nickel quoi. Utilisation gaming / Travail 3D."
128,Chapelle,Reviewed in France on 1 July 2023,4,"Fait bien le taff, juste √† pr√©voir un bon Watercooling, personnellement, corsair elite capelix white 360 mm et √ßa fait l‚Äôaffaire"
129,GALLUCCI D.,Reviewed in Italy on 8 June 2023,4,"Ottimo processore abbastanza veloce,do 4 stelle solo perch√© la confezione √® arrivata ammaccata."
130,Peter,Reviewed in Germany on 13 June 2023,4,Preis/Leistung besser als beim 13900k und K√ºhler
131,M√°rcio M.,Reviewed in Spain on 3 February 2023,4,Produto como descrito. Intel Core i7 13700k.
132,Chris Twins,Reviewed in Germany on 23 December 2022,4,Impressive performances and temperatures !
133,M.M. T.,Reviewed in Germany on 27 December 2023,4,"es macht was es soll....Preis Leistung ist auch ok....k√∂nnte wie immer noch besser sein, aber will nicht meckern. sonst gibt es nichts negatives (bis jetzt) zu berichten"
134,Kroppmarkus,Reviewed in Germany on 21 December 2023,4,Die Cpu ist in der Preis Leistung super. Der mitgelieferte K√ºhler ist unbrauchbar. K√ºhlt die Cpu aus meiner Sicht unzureichend und ist sehr laut.
135,Pierre,Reviewed in Belgium on 20 September 2023,3,Processeur achet√© 3 fois. A chaque fois livraison pr√©vue 2-3 semaines plus tard. Livr√© 2 fois une semaine plus t√¥t que pr√©vu et une fois livraison report√©e 2 fois de 2 semaines et finalement annul√©e par mes soins car hors d√©lais pour monter le pc. Processeur de qualit√©. Tr√®s bon rapport qualit√© prix.
136,roo,Reviewed in the United Kingdom on 18 October 2023,3,"The most common problem with these are that they run too hot, and I didn't quite understand the severety of this until I've started using this CPU. On CBR24 you can easily hit 100*C and above without any modifications, this is not great but Intel claims that the thermal throttle happens at 105*C so anything below that number is ""fine"". I think most people are not comfortable with temps that high and considering I'm using a 360mm AIO I don't imagine 100*C is acceptable in any scenario. In any case, undervolting is really worth it. I've set my undervolt in XTU to be at 0.085V and my temps are maxing at about 85*C which is much better. I've not really pushed it hard yet with games or other software so some of that is yet to be tested but so far I think performance is good, and for the money I think it's worth it. Perhaps Ryzen is catching up but I think Intel takes the edge on this CPU."
137,albert,Reviewed in France on 27 January 2023,3,"Un cpu qui a du punch et √† outrance. Pour le jeux il est √† not√© une performance face au i7 12700k mais √† quel prix. Une temp√©rature en hausse √† 35 degr√©s au repos face au i7 12700k √† 25 degr√©s. En jeux il faut compt√© 20 degr√© de plus face au i7 12700k donc vers 70 √† 80 degr√©s suivant la sollicitation du processeur. Attention √† votre refroidissement, compt√© sur un haut de gamme en 360 mini pour profit√© d'une chauffe maxi mais avec tout le potentiel du i7 13700k, mais seulement avec en standard ce qui est d√©j√† √©norme. Pour le jeux petite diff√©rence par sa latence qui est meilleur donc rendu d'image meilleur constat√© avec une carte graphique nvidia rtx 4080 suivant les jeux ( nul voir 20 fps pour certains au max) mais attention √† votre watercooling pour ne pas subir les nuisances et √† pr√©ciser une consommation en watt en hausse. Processeur √† recommander pour une nouvelle configuration pour celui qui mesure la temp√©rature et son utilit√© en watt. Pour le gamer je pr√©conise soit un i7 12700k ou un i5 13600k et le 13700k avec water block au top."
138,Nico Mazzone,Reviewed in Italy on 7 December 2023,3,"Spedizione: Il pacco √® arrivato in una confezione precaria di cartoncino finissimo con dentro della plastica. Per un processore da 500 euro potevano impegnarsi un po' di piu...2/5 Processore: Sotto workload molto pesanti (rendering 3D) raggiunge i 90 e talvolta anche i 100 gradi, nonostante il radiatore da 360 NZXT, ma √® normale e per il resto del tempo non arriva nemmeno a 50. 4/5"
139,Flavio M.,Reviewed in Italy on 24 September 2023,3,"Premetto che ho comunque mantenuto l'acquisto, tuttavia √® bene sapere che in realt√† il processore che state acquistando non √® un i7-13700K ma un i7-13700KF (che non ha il processore grafico)."
140,MR W.,Reviewed in the United Kingdom on 2 June 2023,3,"Great price, arrived quicker than quoted, but only packaged in a flimsy envelope, surprised it survived the journey. Intel box, a little squashed but it appears in tacked. More luck than design!"
141,Bogdan,Reviewed in Italy on 28 July 2023,3,Mi √® arrivato tutto meno il Case quindi non riesco a montare il PC.
142,Schweinchen,Reviewed in Germany on 26 May 2023,3,"Ich habe die CPU bei Amazon gekauft, musste sie aber aufgrund eines Fehler am IHS zur√ºck senden. Die selbe CPU habe ich nochmals gekauft und eingebaut. Mit der CPU bin ich sehr zu frieden. Jedes Spiel l√§uft sehr gut! Schade das ich bis heute auf meine R√ºckerstattung warte!"
143,Aurelio,Reviewed in Italy on 22 July 2023,3,Ho fatto il reso perch√© le specifiche erano inferiori al 13700KF nonostante il prezzo uguale
144,Gabriele Pertile,Reviewed in Italy on 3 April 2024,2,"CPU da undervoltare e da testare periodicamente per evitare bottleneck e alte temperature del CPU package, la mia sfiorava I 105 gradi nei test prima di metterci un contact frame da 10 euro. Dovrebbero fornirlo insieme alla CPU visto che quello stock pu√≤ causare la piegatura dei processori per il troppo sforzo causato dalla chiusura manuale della leva."
145,MaDMaX,Reviewed in Germany on 11 January 2023,2,"Der Prozessor ist wie i7 immer, f√ºr Gaming und mittlere bis Gr√∂√üere Produktive Anwendungen absolut ungeschlagen, die Kompatibilit√§t ist einfach immer gegeben. Anderes jedoch war die Lieferung, die CPU war eindeutige eine retoure, hier jedoch verkauft als neu, die Verpackung war leer, sprich es lag nur die CPU in ihrer Plastik H√ºlle lose im Karton des Prozessors, die Innereien fehlten vollst√§ndig, weder typisches 10 Seiten Hinweis B√ºchlein noch die restliche Pappe um die CPU zu sichern und fest im Karton zu halten. Gezwungener Ma√üen und nach betrachten der CPU zeigte diese zwar keine Gebrauchs Merkmale auf, weshalb ich diese dann auch verbaute, jedoch ist es mehr als frech bei einem Produkt nahe der 500‚Ç¨ so einen Murks zu verzapfen. Das das bei dem weiten Weg aus Frankreich √ºber England durch die Dreiviertelste Republik niemanden mal aufgefallen sein konnte ist zwar fraglich aber mein Gott. Soviel zu umweltschonend transportiert‚Ä¶"
146,eloy damien,Reviewed in France on 22 October 2023,2,"Bon, l‚Äôemballage est vraiment pas super, le processeur se balade comme √ßa librement dans la bo√Æte car je l‚Äôai pris d‚Äôoccasion mais Amazon aurait pu soigner le produit pour le prix! Sinon, le produit est conforme √† la description."
147,Amazon Kunde,Reviewed in Germany on 4 January 2023,2,"Hatte die CPU in einem Asus ROG Strix B660- Gaming Wifi,  Bios Vers. 2012 ausprobiert. Als Ram waren Kingston Fury DDR5 5200 Mhz eingebaut. Sobald das XMP modus aktiviert wurde im Bios, blieb das Bild vom Monitor schwarz. Rechner wachte nicht auf. Ohne XMP lief die CPU. Die CPU an sich, hat richtig Power und wird richtig heiss. Hab eine 240er Corsair Wasserk√ºhlung, trotzdem hat die CPU die 100 grad Celsius auf  Prime 95 erreicht. Durch einstellen der TDP im BIOS, ging die CPU durch Runtertakten auf 75 Grad Celsius in Prime 95. Das war meine Erfahrung. Leider musste die CPU zur√ºck da die so f√ºr mich nicht zu gebrauchen war. Was √§rgerlich ist da die ja laut Asus kompatibel sein sollte!"
148,Nu Prime,Reviewed in Italy on 13 July 2023,2,"I7 13700K nuovo oppure usato?. Appena montato sulla arriva a 70‚Å∞ senza nessun sforzo gioco, 3D etc.... Il dubbio che sia usato conferma la scatola in qualle √® arrivato. Allego le immagini. PESSIMA ESPERIENZA. P.s per CPU uso liquid cooler ML240L V2"
149,Mofos,Reviewed in Belgium on 11 April 2024,1,Constantly thermal throttling around 100 degree
150,Anhauer aus der zukunft,Reviewed in Germany on 23 June 2024,1,I received a defective CPU and sent it back. Now I'm getting this defective CPU back. Wow thanks really good service. (People never order such expensive components from other suppliers except AMAZON)
151,MGM,Reviewed in Italy on 3 February 2024,1,"Il processore dopo 6 mesi ha iniziato a fare problemi,schermate blu continue,dopo aver cambiato sostituto tutti gli altri componenti, scheda madre,SSD, alimentatore, Vado per fare un installazione pulita,ma nulla mentre la avvio si blocca e schermata blu.... Visto che c'√® la garanzia legale ricontatto il venditore chiedo un reso o una sostituzione,ma nulla mi chiude  richiesta,mi rimbalza ad intel(che ora non ha pi√π l'assistenza italiana,quindi apriti cielo sui tempi) Quindi se comparate, acquistate direttamente da Amazon spenderete 20/30 ‚Ç¨ in pi√π,ma tranquilli che se ci sono dei problemi vi rimborsano o ci sostituisco il tutto in tempi celeri Lasciate stare questo venditore che non vi assiste per nulla, perch√© un venditore serio e ufficiale ha un canale preferenziale con Intel.... Visto che ho letto altre recensioni simili sulla non assistenza di questo venditore,lasciatelo l√¨... Che non si prende nemmeno la responsabilit√†,ma solo i soldi...ü§°"
152,Vita Lombardo,Reviewed in Italy on 7 December 2023,1,"Il processore di per se √® un ottimo processore (temperature a parte). Il problema √® che dopo pochi mesi di utilizzo (senza alcun tipo di overclock) ha iniziato a dare problemi sempre pi√π pesanti: - Freeze momentanei del sistema; - Riavvii randomici; - WHEA Errors ID19 (Segnalato dal componente: core processore _ Origine errore: Corrected Machine Check _ Tipo errore: Internal parity error _ ID APIC processore: 32 e 33). Dopo aver provato tutte le possibili soluzioni (reinstallare Windows, aggiornare BIOS, reinstallare tutti i Driver manualmente) l'unica cosa che ""funziona"" √® disabilitare uno dei Core del processore (quello indicato nel WHEA Error). In sostanza ho un processore funzionante tranne che per un core che mi causa svariati e pesanti problemi di stabilit√†. Contatter√≤ il venditore per avviare la procedura di garanzia! AGGIORNAMENTO (18/12/2023): IL VENDITORE MI HA RIMANDATO AL PRODUTTORE (INTEL) PER AVVIARE LA PROCEDURA DI GARANZIA PERCH√à SONO PASSATI I 30 GIORNI PER IL RESO... spero non diventi una storia infinita..."
153,Maurice,Reviewed in Germany on 1 May 2024,1,Nach kurzer Zeit hat er nicht mehr die leistung gepracht die er bringen aollte
154,Gianluca,Reviewed in Italy on 15 October 2023,1,"Acquistato  processore dopo 6 mesi inizia a dare problemi... Contatto il venditore e mi dice che io devo contattare la casa madre per la sostituzione in garazia, quando invece dovrebbero essere loro a contattare la Intel. Morale, quasi 2 settimane per riavere indietro il processore nuovo con svariate mail di scambio da Intel, e varie comunicazioni standardizzate dal venditore che di fatto se ne √® lavato le mani. Mai pi√π un acquisto da questo venditore."
155,Paolo,Reviewed in Italy on 19 November 2023,1,"Ho comprato la cpu ‚Äúusata ottime condizioni‚Äù ma √® arrivata non funzionante . Non riuscivo ad installare Windows 10 o 11, non riuscivo ad installare Linux, dopo un po‚Äô di tempo ho scoperto che una delle memorie cache di un core era difettata cos√¨ ogni volta che il sistema operativo utilizzava quel core, Windows faceva apparire il BSOD"
156,Goldhamster,Reviewed in Germany on 5 May 2023,1,"Keine Ahnung, warum man so eine CPU auf den Markt wirft. Ich wusste schon vorher aus Tests, dass das Teil warm wird, aber so hei√ü, hatte ich nicht erwartet. Die CPU erreicht beim Zocken eine Temperatur von 80-95¬∞C und zieht bei Lastspitzen etwa 160 Watt, was zu einer Temperatur von 101¬∞C f√ºhrt. Was zur H√∂lle? Und nein, ich fange nicht mit Undervolting an. Es sollte die Aufgabe des Herstellers sein, ein Produkt f√ºr den Consumer-Bereich so zu fertigen, dass es keine Temperaturprobleme entstehen. Au√üerdem habe ich eine Custom-Wasserk√ºhlung mit zwei 360mm-Radiatoren, aber die L√ºfter werden dann sehr laut, um die ganze Abw√§rme abzuf√ºhren. Deshalb bin ich nun auf den 7800X3D umgestiegen. Mein System bleibt leise und k√ºhl. Au√üerdem bietet er mehr Leistung in Spielen als der 13700k."
157,M. Khedr,Reviewed in Germany on 19 November 2023,1,"Runs too hot and doesn't reach the advertised turbo clock speed of 5.4 GHz, not even in Intel's own Tuning utility! The fastest I had it running at 5.16 GHz upon actual rendering in Adobe Premiere."
158,leStF,Reviewed in France on 10 January 2023,1,"D√©j√† pour commencer j'ai re√ßu un produit d√©j√† utilis√©, les scelles √©taient ouverts !! Le processeur chauffe √©norm√©ment, les gains par rapport √† un i9-10900k sont nuls voir en dessous, normal il y a la moitie de c≈ìurs hybrides; c est √† dire moins chers a fabriquer et moins v√©loces. en r√©sum√© pr√©f√©rez les g√©n√©rations avec tous les c≈ìurs √† la m√™me fr√©quence. PLUS un tr√®s mauvais point pour AMAZON PRIME qui ne ma toujours pas rembours√© plus de 15jours apr√®s la r√©ception du retour.... PLUS un service client qui devient vraiment moins facile √† joindre et qui s'en balance des vos soucis.. Il y a du changement chez amazon pour 2023 et pas en bien."
159,Birol,Reviewed in Germany on 16 January 2023,1,"Merhaba, Amazon ile ilgili yasadigim sorunu anlatayim √ºr√ºn gelmesi gereken tarihten √ßok ge√ß geldi her g√ºn m√º≈üteri hizmetleri ile ileti≈üime ge√ßtim √ß√∂z√ºm olmadƒ± hep ertelendi ertelendi hediye olduƒüunu belirttiƒüim halde stoktan yenisini g√∂nderip sorunu kendileri √ß√∂zmediler. Problem √ºr√ºn deƒüil √ºr√ºn harika  ama problem Amazon'un hizmeti m√ºmk√ºnse burdan almayƒ±nƒ±z. Yada alƒ±p benim gibi sorun ya≈üayabilirsiniz. Ayrƒ±ca bu sorunlarƒ±na istinaden Amazon bana  gutchein verecekti onuda vermedi :)) 2-3 kere onun i√ßinde mail yazdƒ±m ama gene sonu√ß yok pes ettim bƒ±raktƒ±m yazmayƒ± artƒ±k... Diyeceklerim bukadar bilgilerinize sunarƒ±m."
160,janos pirgl,Reviewed in Germany on 11 October 2023,1,Ware besch√§digt angekommen
161,Amazon Customer,Reviewed in Germany on 16 March 2023,1,"If you lose the silicon lottery your chip will use extreme amount of power, throttle itself even with 360 AIO and cause large amount of Coil Whine from the motherboard. Intel support says its working as intended.. Stay away."
